"Start (s)","Stop (s)","Difference (s)"
1.728750000E0,3.346083333E0,1.617333333E0