"Start (s)","Stop (s)","Difference (s)"
3.498958333E-1,1.698937500E0,1.349041667E0