"Start (s)","Stop 1 (s)","Stop 2 (s)","Stop 3 (s)","Stop 4 (s)","Stop 5 (s)"
6.872708333E-1,2.035979167E0,3.390208333E0,4.647750000E0,6.075333333E0,7.045625000E0