"Start (s)","Stop (s)","Difference (s)"
6.872708333E-1,2.035979167E0,1.348708333E0