"Start (s)","Stop (s)","Difference (s)"
5.623125000E-1,9.445208333E-1,3.822083333E-1
