"Start (s)","Stop (s)","Difference (s)"
2.035416667E-1,2.118416667E0,1.914875000E0