"Start (s)","Stop (s)","Difference (s)"
5.971875000E-1,1.932833333E0,1.335645833E0