"Start (s)","Stop (s)","Difference (s)"
1.222291667E-1,1.674520833E0,1.552291667E0