"Start (s)","Stop (s)","Difference (s)"
4.499375000E-1,1.567270833E0,1.117333333E0