"Start (s)","Stop (s)","Difference (s)"
9.369375000E-1,1.728854167E0,7.919166667E-1
