"Start (s)","Stop (s)","Difference (s)"
1.751291667E0,3.084291667E0,1.333000000E0