"Start (s)","Stop (s)","Difference (s)"
1.275666667E0,1.862854167E0,5.871875000E-1
