"Start (s)","Stop (s)","Difference (s)"
2.133770833E0,2.919562500E0,7.857916667E-1
