"Event time (s)","Interval (s)"
6.571458333E-1,3.975208333E-1
1.054666667E0,3.927583333E-1
2.782250000E0,0.000000000E0
