"Start (s)","Stop (s)","Difference (s)"
4.302500000E-1,1.017708333E0,5.874583333E-1
