"Start (s)","Stop (s)","Difference (s)"
7.665770833E0,9.048187500E0,1.382416667E0