"Event time (s)","Interval (s)"
1.275666667E0,5.871875000E-1
1.862854167E0,4.261812500E-1
6.124666667E0,0.000000000E0
