"Start (s)","Stop (s)","Difference (s)"
9.801041667E-1,2.794145833E0,1.814041667E0