"Event time (s)","Interval (s)"
4.214791667E-1,4.968541667E-1
8.183333333E-1,3.729395833E-1
2.547729167E0,0.000000000E0
