"Start (s)","Stop (s)","Difference (s)"
4.214791667E-1,8.183333333E-1,3.968541667E-1
