"Event time (s)","Interval (s)"
5.623125000E-1,3.822083333E-1
9.445208333E-1,4.571000000E-1
3.515520833E0,0.000000000E0
