"Start (s)","Stop (s)","Difference (s)"
6.571458333E-1,1.054666667E0,3.975208333E-1
