"Start (s)","Stop (s)","Difference (s)"
1.396979167E0,2.189229167E0,7.922500000E-1
