"Event time (s)","Interval (s)"
1.542812500E0,6.332291667E-1
2.176041667E0,5.096666667E-1
2.685708333E0,4.133333333E-1
3.099041667E0,3.311666667E-1
3.430208333E0,2.680833333E-1
3.698291667E0,2.203333333E-1
3.918625000E0,1.779375000E-1
4.096562500E0,1.450625000E-1
4.241625000E0,0.000000000E0