"Start (s)","Stop (s)","Difference (s)"
1.542812500E0,2.176041667E0,6.332291667E-1