"Start (s)","Stop (s)","Difference (s)"
2.161666667E0,3.278500000E0,1.116833333E0