"Event time (s)","Interval (s)"
1.124520833E0,4.793125000E-1
1.503833333E0,3.769062500E-1
4.072895833E0,1.945750000E0
6.018645833E0,0.000000000E0
