"Start (s)","Stop (s)","Difference (s)"
1.124520833E0,1.503833333E0,3.793125000E-1
