"event","experiment time","system time","system time text"
"START",0.000000000000000E0,1.683539674031004E9,"2023-05-08 11:54:34.031 UTC+02:00"
