"Event time (s)","Interval (s)"
4.302500000E-1,5.874583333E-1
1.017708333E0,4.264791667E-1
5.282500000E0,0.000000000E0
