"Start (s)","Stop (s)","Difference (s)"
8.610833333E-1,2.413375000E0,1.552291667E0