"Start (s)","Stop (s)","Difference (s)"
8.245208333E-1,2.220312500E0,1.395791667E0